hash,type,name
2194c4d7fcddb90d,target,a_glm1_rec1_rcp_step_corr_0.1
6202107e7b89452a,target,a_glm1_rec1_rcp_step_corr_0.2
f12ec9f209c56f67,target,a_glm1_rec1_rcp_step_corr_0.3
3947ebc027ebdd92,target,a_glm1_rec1_rcp_step_corr_0.4
5a7ff1b5032140e1,target,a_glm1_rec1_rcp_step_corr_0.5
52475f846a81956d,target,a_glm1_rec1_rcp_step_corr_0.6
2ed1065186be54f7,target,a_glm1_rec1_rcp_step_corr_0.7
b38d80f93a57cdb5,target,a_glm1_rec1_rcp_step_corr_0.8
39d8cd30bfd2d6b0,target,a_glm1_rec1_rcp_step_corr_0.9
02608db56ac44a09,target,a_glm1_rec1_rcp_step_corr_0.95
8e54d67e9628922c,target,a_glm1_rec1_rcp_step_corr_0.99
fe2b1b9e67b01e68,target,a_glm1_rec1_rcp_step_pca_0.1
13a2369054db7037,target,a_glm1_rec1_rcp_step_pca_0.2
5b686940ee68d795,target,a_glm1_rec1_rcp_step_pca_0.3
33502eb13fe9db82,target,a_glm1_rec1_rcp_step_pca_0.4
35c5ecd5549137e1,target,a_glm1_rec1_rcp_step_pca_0.5
eb05434065b55981,target,a_glm1_rec1_rcp_step_pca_0.6
e5c99d488f8947da,target,a_glm1_rec1_rcp_step_pca_0.7
4c7f570cda6d3d59,target,a_glm1_rec1_rcp_step_pca_0.8
afd15ce2fd855f58,target,a_glm1_rec1_rcp_step_pca_0.9
b3e760b7fd82e013,target,a_glm1_rec1_rcp_step_pca_0.95
dd3c4bc4bc4ee509,target,a_glm1_rec1_rcp_step_pca_0.99
9c1770f0023b803d,target,a_glm2_rec1_rcp_step_pca_0.5
49fc45a2e9950572,target,a_rf1_10_100
5c83093a3a78400d,target,a_rf1_10_200
5fc635b1c7dbad3d,target,a_rf1_20_100
500796cf7e994c17,target,a_rf1_20_200
ea920caffc9bbb6a,target,a_rf1_30_100
e9844c7b0eda7217,target,a_rf1_30_200
da734521604fb565,target,a_rf1_5_100
38cd60dd1a1caed1,target,a_rf1_5_200
49fc45a2e9950572,target,a_rf2_10_100
5c83093a3a78400d,target,a_rf2_10_200
5fc635b1c7dbad3d,target,a_rf2_20_100
500796cf7e994c17,target,a_rf2_20_200
ea920caffc9bbb6a,target,a_rf2_30_100
e9844c7b0eda7217,target,a_rf2_30_200
da734521604fb565,target,a_rf2_5_100
38cd60dd1a1caed1,target,a_rf2_5_200
f47fa1fc1d2f955b,target,a_svm1_0.005_0.03125_rec1_rcp_step_corr_0.1
6d9186f1ae4850b7,target,a_svm1_0.005_0.03125_rec1_rcp_step_pca_0.99
8f1f5e655209694f,target,a_svm1_0.005_32_rec1_rcp_step_corr_0.1
50877bb92109eb92,target,a_svm1_0.005_32_rec1_rcp_step_pca_0.99
83eb730175a9c9e8,target,a_svm1_0.01_0.03125_rec1_rcp_step_corr_0.1
ef2b1aca453af14a,target,a_svm1_0.01_0.03125_rec1_rcp_step_pca_0.99
905699ce63c72374,target,a_svm1_0.01_1_rec1_rcp_step_corr_0.1
905699ce63c72374,target,a_svm1_0.01_1_rec1_rcp_step_corr_0.1_step_corr_0.1
54e29c2971d0af41,target,a_svm1_0.01_1_rec1_rcp_step_corr_0.2
54e29c2971d0af41,target,a_svm1_0.01_1_rec1_rcp_step_corr_0.2_step_corr_0.2
3613b93391b853e9,target,a_svm1_0.01_1_rec1_rcp_step_corr_0.3
3613b93391b853e9,target,a_svm1_0.01_1_rec1_rcp_step_corr_0.3_step_corr_0.3
289083352816b62e,target,a_svm1_0.01_1_rec1_rcp_step_corr_0.4
289083352816b62e,target,a_svm1_0.01_1_rec1_rcp_step_corr_0.4_step_corr_0.4
2b4bd4be5c1018cc,target,a_svm1_0.01_1_rec1_rcp_step_corr_0.5
2b4bd4be5c1018cc,target,a_svm1_0.01_1_rec1_rcp_step_corr_0.5_step_corr_0.5
d870ec03164f14de,target,a_svm1_0.01_1_rec1_rcp_step_corr_0.6
d870ec03164f14de,target,a_svm1_0.01_1_rec1_rcp_step_corr_0.6_step_corr_0.6
186317ba2d447677,target,a_svm1_0.01_1_rec1_rcp_step_corr_0.7
186317ba2d447677,target,a_svm1_0.01_1_rec1_rcp_step_corr_0.7_step_corr_0.7
974965b9dbcf4e9e,target,a_svm1_0.01_1_rec1_rcp_step_corr_0.8
974965b9dbcf4e9e,target,a_svm1_0.01_1_rec1_rcp_step_corr_0.8_step_corr_0.8
2fb989f948452fc6,target,a_svm1_0.01_1_rec1_rcp_step_corr_0.9
2fb989f948452fc6,target,a_svm1_0.01_1_rec1_rcp_step_corr_0.9_step_corr_0.9
0427b84dd229e969,target,a_svm1_0.01_1_rec1_rcp_step_corr_0.95
0427b84dd229e969,target,a_svm1_0.01_1_rec1_rcp_step_corr_0.95_step_corr_0.95
8ede8dc88cba2ac7,target,a_svm1_0.01_1_rec1_rcp_step_corr_0.99
8ede8dc88cba2ac7,target,a_svm1_0.01_1_rec1_rcp_step_corr_0.99_step_corr_0.99
f97fedd03df38021,target,a_svm1_0.01_1_rec1_rcp_step_pca_0.1
f97fedd03df38021,target,a_svm1_0.01_1_rec1_rcp_step_pca_0.1_step_pca_0.1
8da715e91cd37801,target,a_svm1_0.01_1_rec1_rcp_step_pca_0.2
8da715e91cd37801,target,a_svm1_0.01_1_rec1_rcp_step_pca_0.2_step_pca_0.2
bb7c04627124ec18,target,a_svm1_0.01_1_rec1_rcp_step_pca_0.3
bb7c04627124ec18,target,a_svm1_0.01_1_rec1_rcp_step_pca_0.3_step_pca_0.3
ba5fb9f121b4833c,target,a_svm1_0.01_1_rec1_rcp_step_pca_0.4
ba5fb9f121b4833c,target,a_svm1_0.01_1_rec1_rcp_step_pca_0.4_step_pca_0.4
b5f1f9a33c7f5427,target,a_svm1_0.01_1_rec1_rcp_step_pca_0.5
b5f1f9a33c7f5427,target,a_svm1_0.01_1_rec1_rcp_step_pca_0.5_step_pca_0.5
da91d4e8e9438728,target,a_svm1_0.01_1_rec1_rcp_step_pca_0.6
da91d4e8e9438728,target,a_svm1_0.01_1_rec1_rcp_step_pca_0.6_step_pca_0.6
d8bb9baa729047bb,target,a_svm1_0.01_1_rec1_rcp_step_pca_0.7
d8bb9baa729047bb,target,a_svm1_0.01_1_rec1_rcp_step_pca_0.7_step_pca_0.7
b84de75d04c198b8,target,a_svm1_0.01_1_rec1_rcp_step_pca_0.8
b84de75d04c198b8,target,a_svm1_0.01_1_rec1_rcp_step_pca_0.8_step_pca_0.8
a9e5743ab0c489d1,target,a_svm1_0.01_1_rec1_rcp_step_pca_0.9
a9e5743ab0c489d1,target,a_svm1_0.01_1_rec1_rcp_step_pca_0.9_step_pca_0.9
3524ad544fbba157,target,a_svm1_0.01_1_rec1_rcp_step_pca_0.95
3524ad544fbba157,target,a_svm1_0.01_1_rec1_rcp_step_pca_0.95_step_pca_0.95
dc5a993de534f254,target,a_svm1_0.01_1_rec1_rcp_step_pca_0.99
dc5a993de534f254,target,a_svm1_0.01_1_rec1_rcp_step_pca_0.99_step_pca_0.99
4884c3fe1801f563,target,a_svm1_0.01_32_rec1_rcp_step_corr_0.1
ba1255338ac0a421,target,a_svm1_0.01_32_rec1_rcp_step_pca_0.99
b5f1f9a33c7f5427,target,a_svm2_0.01_1_rec1_rcp_step_pca_0.5
f06d1e345a3e3f38,target,ABSTRACT
479dc4f8ac7f64b2,target,ANALYSIS_UNIQUE_ID
94554bb177382efc,import,auc
4eb80680ba37cb90,import,auc_glm
7598d8a190977f7d,import,auc_parsnip
526fb4a2dc8d38c9,import,auc_rf
68f8e3ab15e34c66,import,auc_svm
4b4fd6cff9d72fc6,target,AUTHOR
40598f4a680e55bd,import,bayes_opt_svm
ff2897c22ae050c3,target,bo_svm1
0f37222bfa1641bb,target,bo_svm2
85d9d859961a7047,target,d_cor
a29db299236e3209,import,data_preprocess
7fed22c82d4c2fea,import,get_segmentation_data
11b2bdf0256b84c7,import,h.log_end
f2f70f482df7f6eb,import,h.log_start
bf850847a6a41650,import,h.lowercase_names
d1a9ed9addb7baa8,import,h.send_pushbullet
d115ae87c2e8cd80,target,initial_split
25ba90da394e2988,import,ModelMetrics::auc
35d8de755a6477ca,import,RPushbullet::pbPost
93ddef391200a0e5,import,glue::glue
65836cdc13410a1e,import,caret::createDataPartition
ab20c50b919e5fce,import,corrr::correlate
0dbb089c20824544,import,data.table::as.data.table
65fd467dabcf0969,import,dplyr::mutate
b105e8acc8917d80,import,dplyr::bind_rows
7eb6146f6a3bdf86,import,dplyr::group_by
4fb84a2d95524366,import,dplyr::rename
2de0fb0fea49fe0a,import,dplyr::summarise
36f9439f5abf9401,import,dplyr::select
f9b98250e4c0a82f,import,dplyr::select_if
3ff990a3d71c58f9,import,dplyr::tibble
642a65fc07071d4b,import,modelr::add_predictions
bec9a72d94a5212c,import,purrr::map
0c6ee7d9001ed891,import,purrr::map_dfr
36d796eb45d1e0e9,import,purrr::pluck
1b1506cfb2db6a30,import,parsnip::fit
44354cea17b2eaa0,import,parsnip::logistic_reg
cad0bd56a9cc7688,import,parsnip::rand_forest
2cfc6547c13071fc,import,parsnip::set_engine
fa953fa2910dd347,import,parsnip::svm_rbf
0657c4562eddd843,import,parsnip::varying
6dd7f6afe1b52fbd,import,rBayesianOptimization::BayesianOptimization
24fb4fc07af939ab,import,recipes::bake
fdfe291f263da46a,import,recipes::prep
b7b9bada2096903c,import,recipes::recipe
98d7ee993396fb07,import,rmarkdown::render
aeed8025a0fbe423,import,rsample::rsample2caret
242fe349f6886f4a,import,rsample::vfold_cv
7bf548c26dba9266,import,file ./R/rmd_prep.R
06068f4dbba6c491,target,file ./reports/00_template.html
977a9dbd3a76452c,target,file ./reports/d_cleaning.md
ed4134aa61baa958,target,file ./reports/d_cleaning_DT.html
ea6c6ab8af07d0fb,target,file ./reports/d_first_glance.html
73cedb5446349446,import,file d_cleaning.Rmd
a5944bfe90e8943a,import,file d_cleaning_DT.Rmd
474df3b950451756,import,file d_first_glance.Rmd
1f577e098089508d,import,file presentation_template.Rmd
ec42b441eef92604,target,plot_bo_svm2
c7a4e7effdabd55d,target,plot_profile_glm1
5fa2c688c6265c03,target,plot_profile_rf1
002ff5122dde29be,target,plot_profile_svm1
419f3be5744926b7,target,profile_glm1
99737c2b1a11a516,target,profile_rf1
ace5b950559f049e,target,profile_svm1
dd671bbcf2c79d74,target,r
5732d8c81f727781,target,rcp_rf
0613f4e586e455aa,target,rcp_step_corr_0.1
cecd9c06746ab003,target,rcp_step_corr_0.2
dc31d2c6141e873a,target,rcp_step_corr_0.3
22cc342f0ecb7596,target,rcp_step_corr_0.4
a1988a60be35d8f5,target,rcp_step_corr_0.5
c4144c4b380d2d90,target,rcp_step_corr_0.6
f3278358a965da0e,target,rcp_step_corr_0.7
7050490f9f9b241e,target,rcp_step_corr_0.8
09a139b98654ee5e,target,rcp_step_corr_0.9
5845cf631676e1ac,target,rcp_step_corr_0.95
5b696a00207976f7,target,rcp_step_corr_0.99
7990512c70ccef8d,target,rcp_step_pca_0.1
1d16ee0b218bd2f0,target,rcp_step_pca_0.2
3bfa063c59e260fc,target,rcp_step_pca_0.3
4e5d6ea57aadab9f,target,rcp_step_pca_0.4
5935558595ffb6b7,target,rcp_step_pca_0.5
aa89680adb669076,target,rcp_step_pca_0.6
6b130f44def97ab4,target,rcp_step_pca_0.7
42adf61677cb072a,target,rcp_step_pca_0.8
3757f241e5484f58,target,rcp_step_pca_0.9
08427b7af220f6ce,target,rcp_step_pca_0.95
5be10839446f845a,target,rcp_step_pca_0.99
e787790944026d14,target,rec_rf1
1e2bd0912193a2e8,import,rec1
9eb78c9c66f8129e,target,rec1_rcp_step_corr_0.1
8baebe1ada2e7eea,target,rec1_rcp_step_corr_0.2
2a53c2d4d7fdd857,target,rec1_rcp_step_corr_0.3
9a7f71b3d97158f8,target,rec1_rcp_step_corr_0.4
feb11928a5f1c924,target,rec1_rcp_step_corr_0.5
d0d4b504966b88c9,target,rec1_rcp_step_corr_0.6
eb04b4db62c59bc2,target,rec1_rcp_step_corr_0.7
daad10dcc4d6fe6d,target,rec1_rcp_step_corr_0.8
f4f0fc4d5b7fe0bc,target,rec1_rcp_step_corr_0.9
af608e35d7c79bde,target,rec1_rcp_step_corr_0.95
3344a35278534d8d,target,rec1_rcp_step_corr_0.99
84fa32bf411bcf9e,target,rec1_rcp_step_pca_0.1
7ba759f301735dce,target,rec1_rcp_step_pca_0.2
585e1bf94488d951,target,rec1_rcp_step_pca_0.3
50051bd4f0875de4,target,rec1_rcp_step_pca_0.4
cacfbcca0bf4365a,target,rec1_rcp_step_pca_0.5
7bbec44b6acb8670,target,rec1_rcp_step_pca_0.6
384e162f771354ec,target,rec1_rcp_step_pca_0.7
30b9119512a15ecc,target,rec1_rcp_step_pca_0.8
cefc43d3669d7589,target,rec1_rcp_step_pca_0.9
2328e988b0146ce1,target,rec1_rcp_step_pca_0.95
7d38a22b3789cb2f,target,rec1_rcp_step_pca_0.99
53db8817b8ef7cfa,target,rmd_cleaning
382e836ea7ef46ad,target,rmd_cleaning_DT
a571a18e9065ccc0,target,rmd_first_glance
7aec1502450d1672,target,rmd_template
02f3084f20bd9e39,target,rs_idx
8f01ece133a7932d,target,test
0521d915c545c6d6,target,test_y
3375888d6dfd7ce2,import,to_char
0da64d1803aee206,target,train
c5775c3b366fb719,import,VFOLDS
